Date,Start,Sheet
Sat 4/3,9:00 AM,Sheet A
Sat 4/3,9:00 AM,Sheet B
Sat 4/3,9:00 AM,Sheet C
Sat 4/3,11:00 AM,Sheet A
Sat 4/3,11:00 AM,Sheet B
Sat 4/3,1:00 PM,Sheet A
Sat 4/3,1:00 PM,Sheet B
Sat 4/3,1:00 PM,Sheet C
Sat 4/10,9:00 AM,Sheet A
Sat 4/10,9:00 AM,Sheet B
Sat 4/10,11:00 AM,Tournament
Sun 4/11,11:00 AM,Sheet A
Sun 4/11,11:00 AM,Sheet B
Sun 4/11,1:00 PM,Sheet A
Sat 4/17,9:00 AM,Sheet A
Sat 4/17,9:00 AM,Sheet B
Sat 4/17,9:00 AM,Sheet C
Sat 4/17,11:00 AM,Sheet A
Sat 4/17,11:00 AM,Sheet B
Sat 4/17,11:00 AM,Sheet C
Sat 4/24,9:00 AM,Reserved
Sat 4/24,11:00 AM,Sheet A
Sat 4/24,11:00 AM,Sheet B
Sat 4/24,1:00 PM,Sheet A
