Date,Start,Field
Sat 4/3,9:00 AM,Field 1
Sat 4/3,9:00 AM,Field 2
Sat 4/3,9:00 AM,Field 3
Sat 4/3,11:00 AM,Field 1
Sat 4/3,11:00 AM,Field 2
Sat 4/3,1:00 PM,Field 1
Sat 4/3,1:00 PM,Field 2
Sat 4/3,1:00 PM,Field 3
Sat 4/10,9:00 AM,Field 1
Sat 4/10,9:00 AM,Field 2
Sat 4/10,11:00 AM,Tournament
Sun 4/11,11:00 AM,Field 1
Sun 4/11,11:00 AM,Field 2
Sun 4/11,1:00 PM,Field 1
Sat 4/17,9:00 AM,Field 1
Sat 4/17,9:00 AM,Field 2
Sat 4/17,9:00 AM,Field 3
Sat 4/17,11:00 AM,Field 1
Sat 4/17,11:00 AM,Field 2
Sat 4/17,11:00 AM,Field 3
Sat 4/24,9:00 AM,Reserved
Sat 4/24,11:00 AM,Field 1
Sat 4/24,11:00 AM,Field 2
Sat 4/24,1:00 PM,Field 1
