Date,Start,Court
Sat 4/3,9:00 AM,Court 1
Sat 4/3,9:00 AM,Court 2
Sat 4/3,9:00 AM,Court 3
Sat 4/3,11:00 AM,Court 1
Sat 4/3,11:00 AM,Court 2
Sat 4/3,1:00 PM,Court 1
Sat 4/3,1:00 PM,Court 2
Sat 4/3,1:00 PM,Court 3
Sat 4/10,9:00 AM,Court 1
Sat 4/10,9:00 AM,Court 2
Sat 4/10,11:00 AM,Tournament
Sun 4/11,11:00 AM,Court 1
Sun 4/11,11:00 AM,Court 2
Sun 4/11,1:00 PM,Court 1
Sat 4/17,9:00 AM,Court 1
Sat 4/17,9:00 AM,Court 2
Sat 4/17,9:00 AM,Court 3
Sat 4/17,11:00 AM,Court 1
Sat 4/17,11:00 AM,Court 2
Sat 4/17,11:00 AM,Court 3
Sat 4/24,9:00 AM,Reserved
Sat 4/24,11:00 AM,Court 1
Sat 4/24,11:00 AM,Court 2
Sat 4/24,1:00 PM,Court 1
